id,name,email,phone,address
1,Felicio Guye,fguye0@a8.net,+1 504 489 0780,73 Kings Avenue
2,Stanwood Denne,sdenne1@ifeng.com,+48 925 682 7208,17 Rockefeller Place
3,Charlie Yokelman,cyokelman2@cafepress.com,+974 374 955 2386,52977 Washington Street
4,Casandra Slimon,cslimon3@hao123.com,+220 526 124 6393,1718 1st Way
5,Ive Boston,iboston4@sphinn.com,+351 890 985 4068,66 Loeprich Parkway
6,Clo Hebburn,chebburn5@wikipedia.org,+351 541 849 3100,00113 Elka Park
7,Lenka Paul,lpaul6@ow.ly,+55 809 613 2744,38601 Comanche Way
8,Marcus Gosneye,mgosneye7@symantec.com,+7 544 664 5649,0 Almo Point
9,Adelaida Daniello,adaniello8@si.edu,+33 566 815 7352,6 Rusk Circle
10,Tomaso Moberley,tmoberley9@toplist.cz,+86 342 936 3324,6 Shoshone Road
11,Madella Arenson,marensona@samsung.com,+7 381 979 3410,5204 Manufacturers Drive
12,Peta Hamfleet,phamfleetb@dion.ne.jp,+55 853 167 7873,523 Macpherson Hill
13,Cristian Shaudfurth,cshaudfurthc@gravatar.com,+86 267 127 3062,25 Northport Alley
14,Hulda Fosten,hfostend@etsy.com,+46 808 552 8637,8 Holy Cross Court
15,Mariquilla Stutte,mstuttee@amazon.co.uk,+598 322 973 2240,8403 Everett Park
16,Esme Goldfinch,egoldfinchf@pen.io,+55 785 457 1931,0 Arkansas Drive
17,Lyndy Pipkin,lpipking@timesonline.co.uk,+48 752 273 8968,13 Burning Wood Lane
18,Madelina Doneld,mdoneldh@weibo.com,+976 202 455 5381,66974 Meadow Valley Lane
19,Petra Ruecastle,pruecastlei@europa.eu,+86 543 435 8204,573 Ruskin Crossing
20,Dana Fletham,dflethamj@naver.com,+7 212 471 3699,305 Everett Pass
